Date Recruited,Gender,Age,Province,Country
2016-1-17 22:52,Male,25,Ho Chi Minh City,Vietnam
2016-1-17 22:40,Male,24,Ha Noi City,Vietnam
2016-1-17 22:31,Male,21,Ho Chi Minh City,Vietnam
2016-1-17 21:09,Male,19,Ha Noi City,Vietnam
2016-1-17 19:29,Male,28,Ha Noi City,Vietnam
2016-1-17 18:45,Male,42,Ho Chi Minh City,Vietnam
2016-1-17 18:32,Male,34,Ho Chi Minh City,Vietnam
2016-1-17 18:14,Male,24,Ho Chi Minh City,Vietnam
2016-1-17 18:04,Male,33,Ho Chi Minh City,Vietnam
2016-1-16 22:53,Male,24,Ha Noi City,Vietnam
2016-1-16 20:47,Male,21,Ha Noi City,Vietnam
2016-1-16 20:39,Male,24,Ha Noi City,Vietnam
2016-1-16 19:56,Male,30,Ho Chi Minh City,Vietnam
2016-1-16 19:49,Male,26,Ha Noi City,Vietnam
2016-1-16 19:42,Male,25,Ha Noi City,Vietnam
2016-1-16 19:25,Male,25,Ha Noi City,Vietnam
2016-1-16 19:17,Male,25,Ho Chi Minh City,Vietnam
2016-1-16 19:11,Male,29,Ho Chi Minh City,Vietnam
2016-1-16 18:58,Male,21,Ho Chi Minh City,Vietnam
2016-1-16 18:56,Male,20,Ha Noi City,Vietnam
2016-1-16 18:28,Female,19,Ho Chi Minh City,Vietnam
2016-1-16 18:11,Male,21,Ha Noi City,Vietnam
2016-1-16 18:06,Male,22,Ha Noi City,Vietnam
2016-1-16 18:04,Female,23,Ho Chi Minh City,Vietnam
2015-12-26 21:25,Male,35,Ho Chi Minh City,Vietnam
2015-12-26 21:02,Male,35,Ho Chi Minh City,Vietnam
2015-12-26 20:38,Male,24,Ho Chi Minh City,Vietnam
2015-12-26 20:22,Male,19,Ha Noi City,Vietnam
2015-12-26 20:13,Male,21,Ho Chi Minh City,Vietnam
2015-12-26 19:55,Male,24,Ho Chi Minh City,Vietnam
2015-12-26 19:49,Male,26,Ho Chi Minh City,Vietnam
2015-12-26 19:48,Male,25,Ho Chi Minh City,Vietnam
2015-12-26 19:44,Male,30,Ha Noi City,Vietnam
2015-12-26 19:43,Male,12,Ha Noi City,Vietnam
2015-12-26 19:43,Male,28,Ha Noi City,Vietnam
2015-12-26 19:41,Male,25,Ha Noi City,Vietnam
2015-12-26 19:39,Male,24,Ho Chi Minh City,Vietnam
2015-12-26 19:38,Male,23,Ho Chi Minh City,Vietnam
2015-12-26 19:37,Male,21,Ha Noi City,Vietnam
2015-12-26 19:33,Male,31,Ho Chi Minh City,Vietnam
2015-12-26 19:30,Male,20,Ha Noi City,Vietnam
2015-12-26 19:27,Male,20,Ha Noi City,Vietnam
2015-12-26 18:42,Female,24,Ha Noi City,Vietnam
2015-12-26 18:25,Male,24,Ho Chi Minh City,Vietnam
2015-12-26 18:23,Male,27,Ha Noi City,Vietnam
2015-12-26 18:21,Male,26,Ha Noi City,Vietnam
2015-12-26 18:20,Male,20,Ha Noi City,Vietnam
2015-12-26 18:16,Male,21,Ho Chi Minh City,Vietnam
2015-12-26 18:05,Male,33,Ho Chi Minh City,Vietnam
2015-12-26 18:02,Male,30,Ho Chi Minh City,Vietnam
2015-12-13 21:58,Male,19,Ha Noi City,Vietnam
2015-12-13 21:55,Male,25,Ho Chi Minh City,Vietnam
2015-12-13 21:45,Male,19,Ho Chi Minh City,Vietnam
2015-12-13 20:31,Male,31,Ho Chi Minh City,Vietnam
2015-12-13 20:05,Male,26,Ha Noi City,Vietnam
2015-12-13 19:47,Male,24,Ha Noi City,Vietnam
2015-12-13 19:38,Male,28,Ha Noi City,Vietnam
2015-12-13 19:18,Male,27,Ho Chi Minh City,Vietnam
2015-12-13 19:12,Male,29,Ha Noi City,Vietnam
2015-12-13 19:01,Male,23,Ha Noi City,Vietnam
2015-12-13 18:36,Male,21,Ho Chi Minh City,Vietnam
2015-12-13 18:34,Female,22,Ha Noi City,Vietnam
2015-12-13 18:31,Male,25,Ho Chi Minh City,Vietnam
2015-12-13 18:29,Male,22,Ho Chi Minh City,Vietnam
2015-12-13 18:23,Male,29,Ha Noi City,Vietnam
2015-12-13 18:17,Male,28,Ha Noi City,Vietnam
2015-12-13 18:10,Female,25,Ha Noi City,Vietnam
2015-12-13 18:07,Male,29,Ha Noi City,Vietnam
2015-12-12 22:46,Male,32,Ha Noi City,Vietnam
2015-12-12 22:40,Male,51,Ho Chi Minh City,Vietnam
2015-12-12 20:38,Female,23,Ha Noi City,Vietnam
2015-12-12 20:37,Male,25,Ha Noi City,Vietnam
2015-12-12 20:20,Male,21,Ho Chi Minh City,Vietnam
2015-12-12 19:42,Male,22,Ho Chi Minh City,Vietnam
2015-12-12 19:40,Male,29,Ha Noi City,Vietnam
2015-12-12 19:28,Male,28,Ho Chi Minh City,Vietnam
2015-12-12 18:51,Male,18,Ho Chi Minh City,Vietnam
2015-12-12 18:51,Male,20,Ha Noi City,Vietnam
2015-12-12 18:47,Male,31,Ha Noi City,Vietnam
2015-12-12 18:43,Female,35,Ho Chi Minh City,Vietnam
2015-12-12 18:34,Male,30,Ha Noi City,Vietnam
2015-12-12 18:31,Male,21,Ha Noi City,Vietnam
2015-12-12 18:25,Male,25,Ha Noi City,Vietnam
2015-12-12 18:25,Male,32,Ho Chi Minh City,Vietnam
2015-12-12 18:24,Male,24,Ho Chi Minh City,Vietnam
2015-12-12 18:23,Male,22,Ha Noi City,Vietnam
2015-12-12 18:21,Female,29,Ho Chi Minh City,Vietnam
2015-12-12 18:18,Female,34,Ho Chi Minh City,Vietnam
2015-12-12 18:06,Male,25,Ho Chi Minh City,Vietnam
